{
    "amazon": {"detailed":{"nodeAdjLists":7524286,"nodeParentLists":6845702,"edgeAdjLists":559222,"labels":1614076,"typesSystemOverhead":382290,"nodeIntLikeProperties":7872805,"edgeIntLikeProperties":0,"nodeDoubleProperties":15320576,"edgeDoubleProperties":56,"nodePkToId":4306820,"varSize":177264377},"categories":{"Topology":14929210,"Types":1614076,"Properties":200457814,"Mappings":4306820},"storage":{"inMemory":221690210,"onDisk":209428480},"statistics":{"totalSizeBytes":221690210,"diskSizeBytes":209428480,"totalSizeMB":211.42,"diskSizeMB":199.727,"totalSizeGB":0.206465,"diskSizeGB":0.195045}},
    "dblp": {"detailed":{"nodeAdjLists":83319510,"nodeParentLists":82856142,"edgeAdjLists":8909390,"labels":17097546,"typesSystemOverhead":6231010,"nodeIntLikeProperties":19801114,"edgeIntLikeProperties":0,"nodeDoubleProperties":96,"edgeDoubleProperties":56,"nodePkToId":163037468,"varSize":324519973},"categories":{"Topology":175085042,"Types":17097546,"Properties":344321239,"Mappings":163037468},"storage":{"inMemory":705772305,"onDisk":602222592},"statistics":{"totalSizeBytes":705772305,"diskSizeBytes":602222592,"totalSizeMB":673.077,"diskSizeMB":574.324,"totalSizeGB":0.657302,"diskSizeGB":0.560863}},
    "mag": {"detailed":{"nodeAdjLists":45347354,"nodeParentLists":39288234,"edgeAdjLists":1558942,"labels":7938922,"typesSystemOverhead":747734,"nodeIntLikeProperties":47063172,"edgeIntLikeProperties":0,"nodeDoubleProperties":96,"edgeDoubleProperties":56,"nodePkToId":8913260,"varSize":207508421},"categories":{"Topology":86194530,"Types":7938922,"Properties":254571745,"Mappings":8913260},"storage":{"inMemory":358366191,"onDisk":316702720},"statistics":{"totalSizeBytes":358366191,"diskSizeBytes":316702720,"totalSizeMB":341.765,"diskSizeMB":302.031,"totalSizeGB":0.333755,"diskSizeGB":0.294952}},
    "patents": {"detailed":{"nodeAdjLists":68701508,"nodeParentLists":61920332,"edgeAdjLists":2485496,"labels":7038437,"typesSystemOverhead":6426872,"nodeIntLikeProperties":88888548,"edgeIntLikeProperties":0,"nodeDoubleProperties":25672880,"edgeDoubleProperties":56,"nodePkToId":23792426,"varSize":2741821},"categories":{"Topology":133107336,"Types":7038437,"Properties":117303305,"Mappings":23792426},"storage":{"inMemory":287668376,"onDisk":201994240},"statistics":{"totalSizeBytes":287668376,"diskSizeBytes":201994240,"totalSizeMB":274.342,"diskSizeMB":192.637,"totalSizeGB":0.267912,"diskSizeGB":0.188122}},
    "prime": {"detailed":{"nodeAdjLists":5179069,"nodeParentLists":4878213,"edgeAdjLists":130172,"labels":2598748,"typesSystemOverhead":17698,"nodeIntLikeProperties":13008324,"edgeIntLikeProperties":0,"nodeDoubleProperties":48,"edgeDoubleProperties":56,"nodePkToId":512530,"varSize":3037},"categories":{"Topology":10187454,"Types":2598748,"Properties":13011465,"Mappings":512530},"storage":{"inMemory":26327895,"onDisk":13725696},"statistics":{"totalSizeBytes":26327895,"diskSizeBytes":13725696,"totalSizeMB":25.1082,"diskSizeMB":13.0898,"totalSizeGB":0.0245198,"diskSizeGB":0.0127831}}
}
